,,,,Total no.of levels = 15,,,,,
,Ques.HCQ :    LEVEL - 01(Section 1 and 1.1),,,,,,,,File Name: hces24_lvl_01.txt
srl. no.,        Item,Questionnaire reference,,,Length,Byte position ,,,Remarks
,,Sec,Item,Col.,,,,,
1,Survey Name,,,,4,1, -,4,"""HCES"" Generated"
2,Year,,,,4,5, -,8,"""2024"" Generated"
3,FSU Serial No.,,,,5,9, -,13,
4,Sector,,,,1,14, -,14,
5,State,,,,2,15, -,16,
6,NSS-Region,,,,3,17, -,19,
7,District,,,,2,20, -,21,
8,Stratum,,,,2,22, -,23,
9,Sub-stratum,,,,2,24, -,25,
10,Panel,,,,2,26, -,27,
11,Sub-sample,,,,1,28, -,28,
12,FOD-Sub-Region,,,,4,29, -,32,
13,Sample SU No.,1,1.7,,2,33, -,34,
14,Sample Sub-division no.,1,1.10,,1,35, -,35,"""If not selected  blank generated"""
15,Second-stage-stratum no.,1,1.11,,1,36, -,36,
16,Sample hhld. No.,1,1.12,,2,37, -,38,**Common-ID**
17,Questionnaire No.,,,,1,39, -,39," ""H"" Generated"
18,Level ,,,,2,40, -,41," ""01"" Generated"
19,Survey Code,1,1.13,,1,42, -,42,
20,Reason for substitution Code,1,1.14,,1,43, -,43,
21,Multiplier,,,,15,44, -,58,
,,,,,,,,,
,NOTE : Section 2 data layout is not needed. It can be easily derived/generated from section 3.,,,,,,,,
,,,,,,,,,
,"Ques. HCQ, LEVEL - 02 (Section 3)",,,,,,,,File Name: hces24_lvl_02.txt
Sl.No.,Item,Sec,Item,Col,Len,Byte Position,,,Remarks
1,Common-ID,,,,38,1, -,38,Auto-duplicated
2,Questionnaire No.,,,,1,39, -,39," ""H"" Generated"
3,Level,,,,2,40, -,41," ""02"" Generated"
4,Person Srl No.,3,All,1,2,42, -,43,
5,Relation to head (code),3,All,3,1,44, -,44,
6,Gender,3,All,4,1,45, -,45,
7,Age(in years),3,All,5,3,46, -,48,
8,Marital Status (code),3,All,6,1,49, -,49,
9,Highest educational level attained (code),3,All,7,2,50, -,51,
10,Total year of education completed,3,All,8,2,52, -,53,
11,Whether used internet from any location during last 30 days,3,All,9,1,54, -,54,
12,No. of days stayed away from home during last 30 days,3,All,10,2,55, -,56,Blank if HCQ is not canvassed along with FDQ in the same visit.
13,No. of meals usually taken in a day,3,All,11,1,57, -,57,
14,"No. of meals taken during last 30 days from school, balwadi etc.",3,All,12,2,58, -,59,
15,"No. of meals taken during last 30 days from employer as
perquisites or part of wage",3,All,13,2,60, -,61,
16,No. of meals taken during last 30 days  others,3,All,14,2,62, -,63,
17,No. of meals taken during last 30 days on payment,3,All,15,2,64, -,65,
18,No. of meals taken during last 30 days at home,3,All,16,2,66, -,67,
19,Status of Member as on revisit,3,All,17,1,68, -,68,
20,FDQ original member(generated field),,,,1,69,,69,Value ='1' where the member is canvassed in FDQ
21,Multiplier,,,,15,70,,84,
,,,,,,,,,
,"Ques. HCQ,  LEVEL - 03 ",,,,,,,,File Name: hces24_lvl_03.txt
Sl.No.,Item,Sec,Question,Col,Len,Byte Position,,,Remarks
1,Common-ID,,,,38,1, -,38,Auto-duplicated
2,Questionnaire No.,,,,1,39, -,39," ""H"" Generated"
3,Level,,,,2,40, -,41," ""03"" Generated"
4,HH Size (For FDQ),2,2.1,,2,42, -,43,
5,Whether any household member (excluding those employed by the household and paying guests) was engaged in economic activities during last 365 days? ,4,4.1,,1,44, -,44,
6,NCO-2015 Code(3-digit),4,4.3,,3,45, -,47,
7,NIC-2008 Code(5-digit),4,4.5,,5,48, -,52,
8,Broad activities from which maximum income was derived by the household during last 365 days,4,4.6,,1,53, -,53,
9,Whether major source of income from self- employment was from agricultural / non- agricultural sector,4,4.7,,1,54, -,54,
10,Whether the major income from regular wage/salary earning from agricultural /non- agricultural sector,4,4.8,,1,55, -,55,
11,Whether the major income from casual labour was from agriculturalsector/ non- agricultural sector,4,4.9,,1,56, -,56,
12,Household Type,4,4.10,,1,57, -,57,
13,Religion of the head of the household,4,4.11,,1,58, -,58,
14,Social Group of the head of the household,4,4.12,,1,59, -,59,
15,Does the household own (owned & possessed or leased out) any land (within the country) as on the date of survey?,4,4.13,,1,60, -,60,
16,Type of land owned,4,4.14,,1,61, -,61,
17,What is the total area of all owned (owned and possessed or leased out) land (within the country) by the household as on the date of survey (area in acre)?(upto two places of decimal) ,4,4.15,,9,62, -,70,
18,Does the household have a dwelling unit at present place of enumeration?  ,4,4.16,,1,71, -,71,
19,Type of Dwelling Unit,4,4.17,,1,72, -,72,
#REF!, Primary source of energy of the household for cooking,4,4.21,,2,73, -,74,
#REF!, Primary source of energy of the household for Lighting ,4,4.22,,1,75, -,75,
#REF!,Type of ration card possessed by the household as on the date of survey,4,4.29,,1,76, -,76,
#REF!,Prevailing rate of rent in the locality is available (FOR Rural only),4,4.30,,1,77, -,77,
#REF!,Benefitted from PMGKY as on the date on the survey,4,4.31,,1,78, -,78,
#REF!,Multiplier,,,,15,79, -,93,
,,,,,,,,,
,,,,,,,,,
,Ques. FDQ LEVEL - 04 (Section 4.1),,,,,,,,File Name: hces24_lvl_04.txt
Sl.No.,Item,Sec,Item,Col,Len,Byte Position,,,Remarks
1,Common-ID,,,,38,1, -,38,Auto-duplicated
2,Questionnaire No.,,,,1,39, -,39," ""F"" Generated"
3,Level,,,,2,40, -,41," ""04"" Generated"
4,Whether the household procured any item using the ration card during the last 30 days,4.1,4.1.1,,1,42, -,42,"""1/2 entered"""
5,Which item procured using ration card during the last 30 days - Rice,4.1,4.1.2-1,,1,43, -,43,"""1 if checked/ticked, blank otherwise"""
6,Which item procured using ration card during the last 30 days- Wheat,4.1,4.1.2-2,,1,44, -,44,"""1 if checked/ticked, blank otherwise"""
7,Which item procured using ration card during the last 30 days - Coarse Grain,4.1,4.1.2-3,,1,45, -,45,"""1 if checked/ticked, blank otherwise"""
8,Which item procured using ration card during the last 30 days - Sugar,4.1,4.1.2-4,,1,46, -,46,"""1 if checked/ticked, blank otherwise"""
9,Which item procured using ration card during the last 30 days- Pulses,4.1,4.1.2-5,,1,47, -,47,"""1 if checked/ticked, blank otherwise"""
10,Which item procured using ration card during the last 30 days- Edible Oil,4.1,4.1.2-6,,1,48, -,48,"""1 if checked/ticked, blank otherwise"""
11,"Which item procured using ration card during the last 30 days- Other food item (including salt, gram, etc.)",4.1,4.1.2-7,,1,49, -,49,"""1 if checked/ticked, blank otherwise"""
12,Whether any online purchase/payment has been made during the reference period to buy - Groceries,4.1,4.1.3-1,,1,50, -,50,"""1 if checked/ticked, blank otherwise"""
13,Whether any online purchase/payment has been made during the reference period to buy - Milk & its products,4.1,4.1.3-2,,1,51, -,51,"""1 if checked/ticked, blank otherwise"""
14,Whether any online purchase/payment has been made during the reference period to buy - Vegetables,4.1,4.1.3-3,,1,52, -,52,"""1 if checked/ticked, blank otherwise"""
15,Whether any online purchase/payment has been made during the reference period to buy - Fresh Fruits,4.1,4.1.3-4,,1,53, -,53,"""1 if checked/ticked, blank otherwise"""
16,Whether any online purchase/payment has been made during the reference period to buy - Dry Fruits,4.1,4.1.3-5,,1,54, -,54,"""1 if checked/ticked, blank otherwise"""
17,"Whether any online purchase/payment has been made during the reference period to buy - Egg,fish & meat",4.1,4.1.3-6,,1,55, -,55,"""1 if checked/ticked, blank otherwise"""
18,Whether any online purchase/payment has been made during the reference period to buy - Served processed food,4.1,4.1.3-7,,1,56, -,56,"""1 if checked/ticked, blank otherwise"""
19,Whether any online purchase/payment has been made during the reference period to buy - Packed processed food,4.1,4.1.3-8,,1,57, -,57,"""1 if checked/ticked, blank otherwise"""
20,Whether any online purchase/payment has been made during the reference period to buy - Other food items,4.1,4.1.3-9,,1,58, -,58,"""1 if checked/ticked, blank otherwise"""
21,Ceremony Pereformed during last 30 days,4.1,4.1.4,,1,59, -,59,"""1/2 Selected"""
22,Meals served to non-household members during the last 30 days,4.1,4.1.5,,4,60, -,63,
23,Multiplier,,,,15,64,-,78,
,,,,,,,,,
,,,,,,,,,
,,,,,,,,,
,Ques. FDQ LEVEL - 05 ( Sec 5 & 6),,,,,,,,File Name: hces24_lvl_05.txt
Sl.No.,Item,Sec,Item,Col,Len,Byte Position,,,Remarks
1,Common-ID,,,,38,1, -,38,Auto-duplicated
2,Questionnaire No.,,,,1,39, -,39," ""F"" Generated"
3,Level,,,,2,40, -,41," ""05"" Generated"
4,Item Code ,5.1/5.2/5.3/6.1/6.2/6.3/6.4/6.5/6.6/6.7/6.8,All,2,3,42, -,44,
5,Consumption out of home produce-Quantity(0.000),5.1/5.2/5.3/6.1/6.2/6.3/6.4/6.5/6.6/6.7/6.8,All,3,10,45, -,54,
6,Consumption out of home produce-Value(Rs.),5.1/5.2/5.3/6.1/6.2/6.3/6.4/6.5/6.6/6.7/6.8,All,4,8,55, -,62,
7,Total Consumption--Quantity(0.000),5.1/5.2/5.3/6.1/6.2/6.3/6.4/6.5/6.6/6.7/6.8,All,5,10,63, -,72,
8,Total Consumption--Value(Rs.),5.1/5.2/5.3/6.1/6.2/6.3/6.4/6.5/6.6/6.7/6.8,All,6,8,73, -,80,
9,Source,5.1/5.2/5.3/6.1/6.2/6.3/6.4/6.5/6.6/6.7/6.8,All,7,1,81, -,81,
10,Multiplier,,,,15,82,-,96,
,,,,,,,,,
,Ques FDQ LEVEL - 06 (Section 7),,,,,,,,File Name: hces24_lvl_06.txt
,,,,,,,,,
Sl.No.,Item,Blk,Item,Col,Len,Byte Position,,,Remarks
1,Common-ID,,,,38,1, -,38,Auto-duplicated
2,Questionnaire No.,,,,1,39, -,39," ""F"" Generated"
3,Level,,,,2,40, -,41," ""06"" Generated"
4,Item Code ,7.1/7.2,All,2,3,42, -,44,
5,Total Consumption-Quantity(0.000),7.1/7.2,All,3,10,45, -,54,
6,Total Consumption-Value(Rs.),7.1/7.2,All,4,8,55, -,62,
7,Source,7.1/7/2,All,5,1,63,-,63,
8,Multiplier,,,,15,64,,78,
,,,,,,,,,
,,,,,,,,,
,Ques CSQ   LEVEL - 07 (Section 4.2),,,,,,,,File Name: hces24_lvl_07.txt
,,,,,,,,,
Sl.No.,Item,Sec,Item,Col,Len,Byte Position,,,Remarks
1,Common-ID,,,,38,1, -,38,Auto-duplicated
2,Questionnaire No.,,,,1,39, -,39," ""C"" Generated"
3,Level,,,,2,40, -,41," ""07"" Generated"
4,Whether the household procured kerosene using ration card during last 30 days - Kerosene,4.2,4.2.0,,1,42, -,42,"""1/2 Selected"""
5,Whether household received subsidy on LPG cylinder during the last 3 months?,4.2,4.2.1,,1,43, -,43,"""1/2 Selected"""
6,If yes in Q4.2.1 Number of subsidized LPG cylinder received during the last 3 months preceding the date of survey (number) ,4.2,4.2.1,,2,44, -,45,
7,Whether household received free electricity during the last 30 days,4.2,4.2.2,,1,46, -,46,"""1/2 Selected"""
8,Whether any household member is attending/attended educational institution during last 365 days,4.2,4.2.3,,1,47, -,47,"""1/2 Selected"""
9,If Code 1 in Q4.2.3 Number attending /attended Govt. Institution ?,4.2,4.2.3,,3,48, -,50,
10,If Code 1 in Q4.2.3 Number  attending /attended Private Institution ?,4.2,4.2.3,,3,51, -,53,
11,[Checkbox] If Code 1 in Q4.2.3 whether any member of the household received following items free in last 365 days : Textbooks ? ,4.2,4.2.4-1,,1,54, -,54,"""1 if checked/ticked, blank otherwise"""
12,Total no. of free textbooks received,4.2,4.2.4-1,,3,55,,57,
13,"[Checkbox] If Code 1 in Q4.2.3 whether any member of the household received following items free in last 365 days : Stationary (pen,notepad etc.) ? ",4.2,4.2.4-2,,1,58, -,58,"""1 if checked/ticked, blank otherwise"""
14,Total no. of free stationaries received,4.2,4.2.4-2,,3,59,,61,
15,[Checkbox] If Code 1 in Q4.2.3 whether any member of the household received following items free in last 365 days : School Bag ? ,4.2,4.2.4-3,,1,62, -,62,"""1 if checked/ticked, blank otherwise"""
16,Total no. of free school bags received,4.2,4.2.4-3,,3,63,,65,
17,[Checkbox] If Code 1 in Q4.2.3 whether any member of the household received following items free in last 365 days : Others ? ,4.2,4.2.4-4,,1,66, -,66,"""1 if checked/ticked, blank otherwise"""
18,Total no. of free other items received,4.2,4.2.4-4,,3,67,,69,
19,If Code 1 in Q4.2.3 Whether Any member received reimbursement/waiver of school/clg. Fee during last 365 days ?,4.2,4.2.6,,1,70, -,70,"""1/2 Selected"""
20,If Code 1 in Q4.2.6 Number of member received reimbursement/waiver  ?,4.2,4.2.6,,2,71, -,72,
21,Is one or more member of the household a benificiary of Pradhan Mantri Jan Aarogya Yojana (Ayushman Bharat) or any other state specific public health scheme as on the date of survey,4.2,4.2.7,,1,73, -,73,"""1/2 Selected"""
22,If Code 1 in Q4.2.7 Number of beneficiaries ?,4.2,4.2.7,,2,74, -,75,
23,Whether there was any case of hospitalization in the household during last 365 days?,4.2,4.2.8,,1,76, -,76,"""1/2/3/4 Selected"""
24,Whether one or more member of the household has received benefits of medical treatment (medical – hospitalisation)under Pradhan Mantri Jan Aarogya Yojana Card (Ayushman Bharat) or any other state specific public health scheme during the last 365 days,4.2,4.2.9,,1,77, -,77,"""1/2 Selected"""
25,If yes in Q4.2.9 number of member received benifit ?,4.2,4.2.9,,2,78, -,79,
26,If yes in Q4.2.9 Amount ?,4.2,4.2.9,,8,80, -,87,
27,Whether any online purchase/payment has been made during the reference period to buy - Fuel & light,4.2,4.2.10-1,,1,88, -,88,"""1 if checked/ticked, blank otherwise"""
28,Whether any online purchase/payment has been made during the reference period to buy - Toilet articles & other household consumables,4.2,4.2.10-2,,1,89, -,89,"""1 if checked/ticked, blank otherwise"""
29,Whether any online purchase/payment has been made during the reference period to buy - Education,4.2,4.2.10-3,,1,90, -,90,"""1 if checked/ticked, blank otherwise"""
30,Whether any online purchase/payment has been made during the reference period to buy- Medicine & other medical services,4.2,4.2.10-4,,1,91, -,91,"""1 if checked/ticked, blank otherwise"""
31,"Whether any online purchase/payment has been made during the reference period to buy- Services (Travel, Recharges, Bill payment, Cinema/Theatre, internet, etc.) ",4.2,4.2.10-5,,1,92, -,92,"""1 if checked/ticked, blank otherwise"""
#REF!,Multiplier,,,,15,93, -,107,
,,,,,,,,,
,,,,,,,,,
,Ques. CSQ  LEVEL - 08 (Section 8.1),,,,,,,,File Name: hces24_lvl_08.txt
,,,,,,,,,
Sl.No.,Item,Sec,Item,Col,Len,Byte Position,,,Remarks
1,Common-ID,,,,38,1, -,38,Auto-duplicated
2,Questionnaire No.,,,,1,39, -,39," ""C"" Generated"
3,Level,,,,2,40, -,41," ""08"" Generated"
4,Item Code ,8.1,All,2,3,42, -,44,
5,Consumption out of home produce--Quantity(0.000),8.1,All,3,10,45, -,54,
6,Consumption out of home produce--Value(Rs.),8.1,All,4,8,55, -,62,
7,Total Consumption--Quantity(0.000),8.1,All,5,10,63, -,72,
8,Total Consumption--Value(Rs.),8.1,All,6,8,73, -,80,
9,Source,8.1,All,7,1,81, -,81,
10,Multiplier,,,,15,82,-,96,
,,,,,,,,,
,Ques. CSQ   LEVEL - 09 (Section 9 & 10 & 11),,,,,,,,File Name: hces24_lvl_09.txt
,,,,,,,,,
Sl.No.,Item,Sec,Item,Col,Len,Byte Position,,,Remarks
1,Common-ID,,,,38,1, -,38,Auto-duplicated
2,Questionnaire No.,,,,1,39, -,39," ""C"" Generated"
3,Level,,,,2,40, -,41," ""09"" Generated"
4,Item Code ,9.1/9.2/10.1/10.2/10.3/11.1/11.2/11.3/11.4,All,2,3,42, -,44,
5,Value(Rs.),9.1/9.2/10.1/10.2/10.3/11.1/11.2/11.3/11.4,All,3,8,45, -,52,
6,Multiplier,,,,15,53,-,67,
,,,,,,,,,
,Ques. CSQ   LEVEL - 10 (Section 12),,,,,,,,File Name: hces24_lvl_10.txt
Sl.No.,Item,Sec,Item,Col,Len,Byte Position,,,Remarks
1,Common-ID,,,,38,1, -,38,Auto-duplicated
2,Questionnaire No.,,,,1,39, -,39," ""C"" Generated"
3,Level,,,,2,40, -,41," ""10"" Generated"
4,Item Code ,12.1/12.2/12.3,All,2,3,42, -,44,
5,Consumption out of home produce--Quantity(0.000),12.1/12.2/12.3,All,3,10,45, -,54,
6,Consumption out of home produce--Value(Rs.),12.1/12.2/12.3,All,4,8,55, -,62,
7,Total Consumption--Quantity(0.000),12.1/12.2/12.3,All,5,10,63, -,72,
8,Total Consumption--Value(Rs.),12.1/12.2/12.3,All,6,8,73, -,80,
9,Source,12.1/12.2/12.3,All,7,1,81, -,81,
10,Multiplier,,,,15,82,-,96,
,,,,,,,,,
,Ques. DGQ   LEVEL - 11 (Section 4.3),,,,,,,,File Name: hces24_lvl_11.txt
Sl.No.,Item,Sec,Item,Col,Len,Byte Position,,,Remarks
1,Common-ID,,,,38,1, -,38,Auto-duplicated
2,Questionnaire No.,,,,1,39, -,39," ""D"" Generated"
3,Level,,,,2,40, -,41," ""11"" Generated"
4,Which online item purchased/Paid during last 365 days - Clothing,4.3,4.3.1-1,,1,42, -,42,"""1 if checked/ticked, blank otherwise"""
5,Which online item purchased/Paid during last 365 days- Footwear,4.3,4.3.1-2,,1,43, -,43,"""1 if checked/ticked, blank otherwise"""
6,Which online item purchased/Paid during last 365 days - Furniture & fixtures,4.3,4.3.1-3,,1,44, -,44,"""1 if checked/ticked, blank otherwise"""
7,Which online item purchased/Paid during last 365 days - Mobile handset,4.3,4.3.1-4,,1,45, -,45,"""1 if checked/ticked, blank otherwise"""
8,"Which online item purchased/Paid during last 365 days- Personal goods (laptop/PC, tablet, clock, watch, spectacles, contact 
lenses, etc.)",4.3,4.3.1-5,,1,46, -,46,"""1 if checked/ticked, blank otherwise"""
9,"Which online item purchased/Paid during last 365 days- Goods for recreation (TV, camera, pen-drive, musical instruments, 
etc.) 
",4.3,4.3.1-6,,1,47, -,47,"""1 if checked/ticked, blank otherwise"""
10,Which online item purchased/Paid during last 365 days -Cooking & other household appliances ,4.3,4.3.1-7,,1,48, -,48,"""1 if checked/ticked, blank otherwise"""
11,Which online item purchased/Paid during last 365 days - Crockery & utensils,4.3,4.3.1-8,,1,49, -,49,"""1 if checked/ticked, blank otherwise"""
12,Which online item purchased/Paid during last 365 days - Sports goods,4.3,4.3.1-9,,1,50, -,50,"""1 if checked/ticked, blank otherwise"""
13,Which online item purchased/Paid during last 365 days- Medical equipment,4.3,4.3.1-10,,1,51, -,51,"""1 if checked/ticked, blank otherwise"""
14,Which online item purchased/Paid during last 365 days- Bedding,4.3,4.3.1-11,,1,52, -,52,"""1 if checked/ticked, blank otherwise"""
15,[Checkbox] : Whether One or more member of the household received items free of cost  during last 365 days: Laptop/PC,4.3,4.3.2-1,,1,53, -,53,"""1 if checked/ticked, blank otherwise"""
16,Total number of free Laptop/PC,4.3,4.3.2-1,,3,54, -,56,"""1 if checked/ticked, blank otherwise"""
17,[Checkbox] : Whether One or more member of the household received items free of cost  during last 365 days: Tablet,4.3,4.3.2-2,,1,57, -,57,"""1 if checked/ticked, blank otherwise"""
18,Total number of free Tablet,4.3,4.3.2-2,,3,58, -,60,"""1 if checked/ticked, blank otherwise"""
19,[Checkbox] : Whether One or more member of the household received items free of cost  during last 365 days : Mobile,4.3,4.3.2-3,,1,61, -,61,"""1 if checked/ticked, blank otherwise"""
20,Total number of free Mobile,4.3,4.3.2-3,,3,62, -,64,"""1 if checked/ticked, blank otherwise"""
21,[Checkbox] : Whether One or more member of the household received items free of cost  during last 365 days : Bicycle,4.3,4.3.2-4,,1,65, -,65,"""1 if checked/ticked, blank otherwise"""
22,Total number of free Bicycle,4.3,4.3.2-4,,3,66, -,68,"""1 if checked/ticked, blank otherwise"""
23,[Checkbox] : Whether One or more member of the household received items free of cost  during last 365 days : Motorcycle/Scooty,4.3,4.3.2-5,,1,69, -,69,"""1 if checked/ticked, blank otherwise"""
24,Total number of free Motorcycle/Scooty,4.3,4.3.2-5,,3,70, -,72,"""1 if checked/ticked, blank otherwise"""
25,[Checkbox] : Whether One or more member of the household received items free of cost  during last 365 days: Clothing (Schooling uniform etc.),4.3,4.3.2-6,,1,73, -,73,"""1 if checked/ticked, blank otherwise"""
26,Total number of free Clothing (Schooling uniform etc.),4.3,4.3.2-6,,3,74, -,76,"""1 if checked/ticked, blank otherwise"""
27,[Checkbox] : Whether One or more member of the household received items free of cost  during last 365 days: Footwear (School shoe etc.),4.3,4.3.2-7,,1,77, -,77,"""1 if checked/ticked, blank otherwise"""
28,Total number of free Footwear (School shoe etc.),4.3,4.3.2-7,,3,78, -,80,"""1 if checked/ticked, blank otherwise"""
29,[Checkbox] : Whether One or more member of the household received items free of cost  during last 365 days: Other,4.3,4.3.2-8,,1,81, -,81,"""1 if checked/ticked, blank otherwise"""
30,Total number of free Other items,4.3,4.3.2-8,,3,82, -,84,"""1 if checked/ticked, blank otherwise"""
31,Whether household possessed one or more item as on the date of the survey- Television ,4.3,4.3.3-1,,1,85, -,85,"""1 if checked/ticked, blank otherwise"""
32,Whether household possessed one or more item as on the date of the survey- Radio,4.3,4.3.3-2,,1,86, -,86,"""1 if checked/ticked, blank otherwise"""
33,Whether household possessed one or more item as on the date of the survey - Laptop/PC,4.3,4.3.3-3,,1,87, -,87,"""1 if checked/ticked, blank otherwise"""
34,Whether household possessed one or more item as on the date of the survey- Mobile handset,4.3,4.3.3-4,,1,88, -,88,"""1 if checked/ticked, blank otherwise"""
35,Whether household possessed one or more item as on the date of the survey- Bicycle,4.3,4.3.3-5,,1,89, -,89,"""1 if checked/ticked, blank otherwise"""
36,"Whether household possessed one or more item as on the date of the survey- Motorcycle, scooter ",4.3,4.3.3-6,,1,90, -,90,"""1 if checked/ticked, blank otherwise"""
37,Whether household possessed one or more item as on the date of the survey- Motor car/jeep/van,4.3,4.3.3-7,,1,91, -,91,"""1 if checked/ticked, blank otherwise"""
38,Whether household possessed one or more item as on the date of the survey- Trucks,4.3,4.3.3-8,,1,92, -,92,"""1 if checked/ticked, blank otherwise"""
39,Whether household possessed one or more item as on the date of the survey - Animal cart,4.3,4.3.3-9,,1,93, -,93,"""1 if checked/ticked, blank otherwise"""
40,Whether household possessed one or more item as on the date of the survey- Refrigerator,4.3,4.3.3-10,,1,94, -,94,"""1 if checked/ticked, blank otherwise"""
41,Whether household possessed one or more item as on the date of the survey- Washing machine,4.3,4.3.3-11,,1,95, -,95,"""1 if checked/ticked, blank otherwise"""
42,Whether household possessed one or more item as on the date of the survey- Air conditioner/air cooler ,4.3,4.3.3-12,,1,96, -,96,"""1 if checked/ticked, blank otherwise"""
43,Type of multichannel television facility is used by the household as on the date of the survey,4.3,4.3.4,,1,97, -,97,
44,Multiplier,,,,15,98,-,112,
,,,,,,,,,
,Ques. DGQ   LEVEL - 12 (Section 13),,,,,,,,File Name: hces24_lvl_12.txt
Sl.No.,Item,Sec,Item,Col,Len,Byte Position,,,Remarks
1,Common-ID,,,,38,1, -,38,Auto-duplicated
2,Questionnaire No.,,,,1,39, -,39," ""D"" Generated"
3,Level,,,,2,40, -,41," ""12"" Generated"
4,Item Code,13.1 /13.2 /13.3,All,2,3,42, -,44,
5,Quantity (0.00),13.1 /13.2 /13.3,All,3,10,45, -,54,
6,Value (Rs.),13.1 /13.2 /13.3,All,4,8,55, -,62,
7,Multiplier,,,,15,63,-,77,
,,,,,,,,,
,Ques. DGQ   Level - 13 (Section 14),,,,,,,,File Name: hces24_lvl_13.txt
,,,,,,,,,
Sl.No.,Item,Sec,Item,Col,Len,Byte Position,,,Remarks
1,Common-ID,,,,38,1, -,38,Auto-duplicated
2,Questionnaire No.,,,,1,39, -,39," ""D"" Generated"
3,Level,,,,2,40, -,41," ""13"" Generated"
4,Item Code ,14.1/14.2/14.3/14.4/14.5/14.6/14.7/14.8/14.9/14.10,All,2,3,42, -,44,
5, First-hand purchase:number,14.1/14.2/14.3/14.4/14.5/14.6/14.7/14.8/14.9/14.10,All,3,3,45, -,47,
6,Whether purchased on hire,14.1/14.2/14.3/14.4/14.5/14.6/14.7/14.8/14.9/14.10,All,4,1,48, -,48,
7, First-hand purchase:Value(Rs.),14.1/14.2/14.3/14.4/14.5/14.6/14.7/14.8/14.9/14.10,All,5,8,49, -,56,
8,Cost of repair & maintenance /cost of raw material and services for construction and repair(Rs.),14.1/14.2/14.3/14.4/14.5/14.6/14.7/14.8/14.9/14.10,All,6,8,57, -,64,Description is as per column 6 of respective sections.
9,2nd-hand purchase:Number,14.1/14.2/14.3/14.4/14.5/14.6/14.7/14.8/14.9/14.10,All,7,3,65, -,67,
10, 2nd-hand purchase:Value(Rs.),14.1/14.2/14.3/14.4/14.5/14.6/14.7/14.8/14.9/14.10,All,8,8,68, -,75,
11,Total expenditure(Rs.),14.1/14.2/14.3/14.4/14.5/14.6/14.7/14.8/14.9/14.10,All,9,8,76, -,83,
12,Multiplier,,,,15,84,-,98,
,,,,,,,,,
,"Ques. FDQ/CSQ/DGQ, LEVEL - 14 (Section  A1,B1 & C1)",,,,,,,,File Name: hces24_lvl_14.txt
Sl.No.,Item,Sec,Item,Col,Len,Byte Position,,,Remarks
1,Common-ID,,,,38,1, -,38,Auto-duplicated
2,Questionnaire No.,,,,1,39, -,39," ""F/C/D"" Generated"
3,Level,,,,2,40, -,41," ""14"" Generated"
4,Section,A1/B1/C1,,,5,42, -,46,
5,Item Code,A1/B1/C1,,,3,47, -,49,
6,Value (in Rs),A1/B1/C1,,,8,50, -,57,
7,Multiplier,,,,15,58,-,72,
,,,,,,,,,
,,,,,,,,,
,"Ques. HCQ/FDQ/CSQ/DGQ, LEVEL - 15 (Section 1.1, A2,B2 & C2)",,,,,,,,File Name: hces24_lvl_15.txt
Sl.No.,Item,Sec,Item,Col,Len,Byte Position,,,Remarks
1,Common-ID,,,,38,1, -,38,Auto-duplicated
2,Questionnaire No.,,,,1,39, -,39," ""F/C/D"" Generated"
,Visit,,,,1,40, -,40,
3,Level,,,,2,41, -,42," ""15"" Generated"
4,Section,,,,2,43, -,44,"""11/A2/B2/C2 Generated"""
5,Time taken to canvass the questionnaire (in minutes),1.1/A2/B2/C2,4,,3,45, -,47,
6,Household’s usual consumption expenditure in a month (in Rs.),A2/B2/C2,5,,8,48, -,55,
7,Total expenditure incurred on online purchase/payment in last 30 days,A2/B2/C2,6,,8,56, -,63,
8,Informant code,A2/B2/C2,7,,2,64, -,65,
9,Response code,A2/B2/C2,8,,1,66, -,66,
10,Household size,A2/B2/C2,9,,3,67, -,69,
,Visit Month,,,,6,70, -,75,
11,Multiplier,,,,15,76, -,90,
