st,stn,ast,astn,ab,,,,
28,Andhra Pradesh,01,Andhra Pradesh,ANP,,,,
12,Arunachal Pradesh,02,Arunachal Pradesh,ARP,,,,
18,Assam,03,Assam,ASM,,,,
10,Bihar,04,Bihar,BHR,,,,
22,Chattisgarh,05,Chhattisgarh,CHT,,,,
07,Delhi,06,Delhi,DEL,,,,
30,Goa,07,Goa,GOA,,,,
24,Gujarat,08,Gujarat,GUJ,,,,
06,Haryana,09,Haryana,HRN,,,,
02,Himachal Pradesh,10,Himachal Pradesh,HMP,,,,
20,Jharkhand,11,Jharkhand,JHK,,,,
29,Karnataka,12,Karnataka,KNT,,,,
32,Kerala,13,Kerala,KRL,,,,
23,Madhya Pradesh,14,Madhya Pradesh,MDP,,,,
27,Maharashtra,15,Maharashtra,MAH,,,,
14,Manipur,16,Manipur,MAN,,,,
17,Meghalaya,17,Meghalaya,MEG,,,,
15,Mizoram,18,Mizoram,MIZ,,,,
13,Nagaland,19,Nagaland,NAG,,,,
21,Odisha,20,Odisha,ODI,,,,
03,Punjab,21,Punjab,PUN,,,,
08,Rajasthan,22,Rajasthan,RAJ,,,,
11,Sikkim,23,Sikkim,SKM,,,,
33,Tamilnadu,24,Tamil Nadu,TND,,,,
36,Telangana,25,Telangana,TEL,,,,
16,Tripura,26,Tripura,TRI,,,,
05,Uttrakhand,27,Uttarakhand,UTK,,,,
09,Uttar Prdesh,28,Uttar Pradesh,UTP,,,,
19,West Bengal,29,West Bengal,WTB,,,,
35,A and N Islands (U.T.),30,A & N Islands,ANI,,,,
04,Chandigarh(U.T.),31,Chandigarh,CDG,,,,
25,Dadra & Nagar Haveli and Daman & Diu,32,Dadra & Nagar Haveli and Daman & Diu,DN,,,,
01,Jammu & Kashmir,33,Jammu & Kashmir,JNK,,,,
37,Ladakh (U.T.),34,Ladakh,LDK,,,,
31,Lakshadweep (U.T.),35,Lakshadweep,LKD,,,,
34,Puducherry (U.T.),36,Puducherry,PUD,,,,
